Date,Open,High,Low,Close,Adj Close,Volume
2020-07-13,3120,3130,3080,3090,2566.452148,77733900
2020-07-14,3100,3110,3070,3080,2558.146729,111442600
2020-07-15,3120,3130,3080,3090,2566.452148,102304100
2020-07-16,3090,3110,3080,3100,2574.757813,91951000
2020-07-17,3100,3110,3060,3060,2541.535156,112416300
2020-07-20,3080,3080,3040,3060,2541.535156,64735500
2020-07-21,3050,3110,3050,3060,2541.535156,101283800
2020-07-22,3070,3090,3060,3070,2549.840820,69462100
2020-07-23,3070,3090,3060,3070,2549.840820,70482100
2020-07-24,3080,3080,3020,3020,2508.312744,137265100
2020-07-27,3020,3050,3020,3040,2524.923828,58708800
2020-07-28,3050,3050,3010,3020,2508.312744,102705300
2020-07-29,3030,3050,3000,3000,2491.701172,114352000
2020-07-30,3040,3050,3000,3050,2533.229736,95785000
2020-08-03,3060,3060,2850,2920,2425.255859,255659800
2020-08-04,2970,2970,2920,2950,2450.172852,96018000
2020-08-05,2960,3040,2920,3020,2508.312744,120719100
2020-08-06,3050,3050,3000,3020,2508.312744,71699000
2020-08-07,3020,3030,2970,2980,2475.089844,78347200
2020-08-10,3000,3020,2970,2970,2466.784180,65485400
2020-08-11,2980,3000,2930,2930,2433.561523,175693000
2020-08-12,2930,2960,2920,2950,2450.172852,110934800
2020-08-13,2950,3020,2950,3010,2500.006836,160906600
2020-08-14,3020,3040,3000,3030,2516.618164,93007500
2020-08-18,3030,3060,3000,3050,2533.229736,139358500
2020-08-19,3050,3050,3000,3000,2491.701172,103980600
2020-08-24,3010,3020,2990,3000,2491.701172,76713900
2020-08-25,3010,3010,2980,2980,2475.089844,100013600
2020-08-26,2980,3050,2980,3020,2508.312744,122465300
2020-08-27,3020,3040,2970,2990,2483.395508,102787800
2020-08-28,2990,2990,2940,2960,2458.478760,160569500
2020-08-31,2960,2980,2860,2860,2375.421875,204261100
2020-09-01,2900,2910,2860,2900,2408.644531,90565400
2020-09-02,2900,2970,2900,2950,2450.172852,107589800
2020-09-03,2950,2960,2880,2900,2408.644531,123106100
2020-09-04,2850,2890,2840,2860,2375.421875,143569100
2020-09-07,2870,2910,2870,2900,2408.644531,62206600
2020-09-08,2890,2900,2860,2860,2375.421875,80068200
2020-09-09,2850,2860,2800,2800,2325.587646,108397400
2020-09-10,2800,2800,2620,2700,2242.531250,287496300
2020-09-11,2670,2840,2650,2810,2333.893555,197756800
2020-09-14,2830,2890,2820,2890,2400.338623,127562700
2020-09-15,2890,2900,2810,2830,2350.504639,106215900
2020-09-16,2810,2830,2770,2790,2317.281982,68113400
2020-09-17,2810,2850,2780,2820,2342.199219,97257400
2020-09-18,2850,2890,2840,2890,2400.338623,162116700
2020-09-21,2890,2910,2800,2810,2333.893555,100305100
2020-09-22,2790,2810,2750,2780,2308.976563,75891600
2020-09-23,2770,2810,2740,2800,2325.587646,85953300
2020-09-24,2750,2760,2710,2730,2267.448242,74516800
2020-09-25,2720,2740,2670,2690,2234.225586,180968900
2020-09-28,2710,2730,2660,2660,2209.308594,89256700
2020-09-29,2690,2690,2630,2630,2184.391357,155853900
2020-09-30,2630,2650,2540,2560,2126.251709,235611600
2020-10-01,2600,2760,2600,2750,2284.059570,225006000
2020-10-02,2750,2750,2650,2680,2225.919434,140161900
2020-10-05,2690,2710,2640,2650,2201.002686,124720200
2020-10-06,2680,2700,2620,2650,2201.002686,148977400
2020-10-07,2650,2670,2620,2660,2209.308594,110186000
2020-10-08,2670,2720,2650,2700,2242.531250,154587800
2020-10-09,2710,2750,2700,2730,2267.448242,109122300
2020-10-12,2750,2760,2710,2730,2267.448242,77479100
2020-10-13,2730,2740,2680,2730,2267.448242,97205500
2020-10-14,2730,2830,2710,2810,2333.893555,183236500
2020-10-15,2800,2850,2760,2780,2308.976563,138462900
2020-10-16,2780,2780,2720,2750,2284.059570,135175000
2020-10-19,2800,2810,2710,2710,2250.836670,187840500
2020-10-20,2710,2740,2670,2670,2217.614258,168211100
2020-10-21,2680,2710,2670,2680,2225.919434,142146300
2020-10-22,2670,2720,2650,2700,2242.531250,257179400
2020-10-23,2710,2720,2630,2630,2184.391357,166356000
2020-10-26,2630,2680,2630,2650,2201.002686,97523200
2020-10-27,2640,2690,2620,2620,2176.085693,146366600
2020-11-02,2590,2620,2550,2560,2126.251709,391510600
2020-11-03,2570,2590,2540,2580,2142.863037,188874000
2020-11-04,2600,2640,2580,2580,2142.863037,150678200
2020-11-05,2630,2810,2620,2770,2300.670654,369260400
2020-11-06,2800,2840,2750,2830,2350.504639,243865800
2020-11-09,2860,2900,2840,2880,2392.032959,208192700
2020-11-10,2950,2950,2860,2860,2375.421875,195337300
2020-11-11,2900,3100,2880,3080,2558.146729,480530200
2020-11-12,3080,3080,3010,3040,2524.923828,169609900
2020-11-13,3010,3010,2950,2990,2483.395508,186708800
2020-11-16,3040,3100,3020,3070,2549.840820,206145500
2020-11-17,3100,3270,3100,3220,2674.426025,527501800
2020-11-18,3200,3250,3160,3180,2641.203369,239122600
2020-11-19,3150,3220,3140,3170,2632.897949,185558800
2020-11-20,3190,3270,3180,3220,2674.426025,211892500
2020-11-23,3230,3340,3220,3320,2757.482910,260752200
2020-11-24,3350,3380,3330,3350,2782.399902,207503900
2020-11-25,3370,3390,3280,3280,2724.260010,253156200
2020-11-26,3280,3480,3280,3470,2882.067627,374185400
2020-11-27,3480,3500,3420,3460,2873.761963,163651600
2020-11-30,3460,3470,3220,3230,2682.731934,624142600
2020-12-01,3230,3320,3160,3240,2691.037109,277929200
2020-12-02,3270,3330,3240,3330,2765.788330,187276600
2020-12-03,3330,3360,3280,3300,2740.871094,121434200
2020-12-04,3270,3280,3210,3250,2699.342773,170418900
2020-12-07,3280,3330,3260,3330,2765.788330,175436900
2020-12-08,3350,3350,3290,3300,2740.871094,113775100
2020-12-10,3270,3290,3250,3260,2707.648926,229380200
2020-12-11,3270,3330,3250,3280,2724.260010,154365400
2020-12-14,3300,3340,3250,3320,2757.482910,281474900
2020-12-15,3320,3490,3290,3450,2865.456299,410175700
2020-12-16,3500,3640,3500,3610,2998.347168,455088400
2020-12-17,3610,3620,3520,3540,2940.207520,249797800
2020-12-18,3500,3540,3500,3510,2915.290283,187856600
2020-12-21,3530,3610,3510,3520,2923.596191,267970200
2020-12-22,3500,3540,3340,3360,2790.705322,311860000
2020-12-23,3350,3420,3240,3320,2757.482910,240067600
2020-12-28,3370,3460,3280,3430,2848.844971,178138100
2020-12-29,3500,3530,3400,3420,2840.539307,184525500
2020-12-30,3420,3420,3310,3310,2749.177002,150844500
2021-01-04,3320,3500,3310,3490,2898.679199,165339800
2021-01-05,3480,3480,3420,3470,2882.067627,157800700
2021-01-06,3470,3490,3330,3370,2799.010986,177877900
2021-01-07,3390,3450,3380,3390,2815.622314,140221900
2021-01-08,3450,3620,3440,3570,2965.124512,492643700
2021-01-11,3590,3640,3570,3600,2990.041260,271231200
2021-01-12,3600,3620,3500,3510,2915.290283,189779500
2021-01-13,3550,3550,3460,3480,2890.373535,162329300
2021-01-14,3480,3590,3470,3500,2906.984619,187448400
2021-01-15,3510,3540,3450,3480,2890.373535,133304300
2021-01-18,3480,3520,3430,3450,2865.456299,138913100
2021-01-19,3470,3490,3370,3410,2832.233643,144100700
2021-01-20,3420,3480,3380,3470,2882.067627,116098100
2021-01-21,3500,3520,3460,3480,2890.373535,81801900
2021-01-22,3420,3440,3360,3390,2815.622314,165024200
2021-01-25,3370,3410,3310,3370,2799.010986,118131800
2021-01-26,3360,3390,3260,3260,2707.648926,111414500
2021-01-27,3340,3380,3260,3380,2807.316650,159144700
2021-01-28,3280,3330,3230,3240,2691.037109,142648800
2021-01-29,3290,3290,3110,3110,2583.063721,191915100
2021-02-01,3130,3250,3040,3230,2682.731934,133929600
2021-02-02,3300,3330,3250,3270,2715.954346,114734600
2021-02-03,3250,3330,3220,3240,2691.037109,86433900
2021-02-04,3270,3330,3260,3290,2732.565674,80319500
2021-02-05,3320,3320,3270,3290,2732.565674,52630500
2021-02-08,3300,3370,3270,3280,2724.260010,96635600
2021-02-09,3250,3300,3180,3200,2657.814697,157479200
2021-02-10,3180,3220,3160,3190,2649.508789,125221400
2021-02-11,3220,3230,3170,3190,2649.508789,79940700
2021-02-15,3200,3260,3200,3220,2674.426025,88883300
2021-02-16,3200,3250,3190,3210,2666.120117,82026300
2021-02-17,3220,3250,3140,3150,2616.286133,121105300
2021-02-18,3190,3270,3180,3180,2641.203369,151200300
2021-02-19,3180,3220,3170,3210,2666.120117,63214600
2021-02-22,3210,3240,3170,3170,2632.897949,100425500
2021-02-23,3200,3480,3200,3470,2882.067627,354966200
2021-02-24,3490,3550,3460,3480,2890.373535,303017100
2021-02-25,3510,3570,3450,3490,2898.679199,226833000
2021-02-26,3450,3510,3410,3490,2898.679199,230007700
2021-03-01,3490,3510,3470,3490,2898.679199,91513500
2021-03-02,3490,3500,3440,3460,2873.761963,169061400
2021-03-03,3480,3480,3420,3440,2857.150635,82610700
2021-03-04,3420,3430,3350,3360,2790.705322,142322100
2021-03-05,3340,3370,3320,3320,2757.482910,128546000
2021-03-08,3360,3400,3330,3340,2774.093750,80094900
2021-03-09,3370,3390,3280,3290,2732.565674,110090800
2021-03-10,3340,3420,3310,3400,2823.927979,91631900
2021-03-12,3440,3480,3430,3450,2865.456299,100195200
2021-03-15,3440,3450,3380,3380,2807.316650,50077300
2021-03-16,3400,3410,3360,3360,2790.705322,60111200
2021-03-17,3410,3430,3370,3390,2815.622314,61701400
2021-03-18,3450,3480,3430,3450,2865.456299,101896400
2021-03-19,3410,3440,3380,3440,2857.150635,140000000
2021-03-22,3440,3440,3380,3380,2807.316650,53870300
2021-03-23,3390,3420,3350,3360,2790.705322,55323200
2021-03-24,3320,3390,3320,3370,2799.010986,67173200
2021-03-25,3400,3430,3380,3410,2832.233643,107607200
2021-03-26,3410,3500,3390,3490,2898.679199,106810400
2021-03-29,3470,3490,3400,3410,2832.233643,72214100
2021-03-30,3420,3430,3360,3380,2807.316650,66491800
2021-03-31,3380,3420,3330,3420,2840.539307,134671900
2021-04-01,3390,3440,3380,3390,2815.622314,73332000
2021-04-05,3430,3430,3370,3380,2807.316650,36029200
2021-04-06,3400,3410,3370,3370,2799.010986,40566400
2021-04-07,3410,3430,3380,3400,2823.927979,84754300
2021-04-08,3380,3400,3380,3390,2815.622314,59079700
2021-04-09,3390,3390,3360,3360,2790.705322,56861400
2021-04-12,3340,3390,3300,3310,2749.177002,79003200
2021-04-13,3340,3340,3300,3330,2765.788330,51300200
2021-04-14,3360,3360,3320,3340,2774.093750,52587500
2021-04-15,3340,3360,3320,3360,2790.705322,65669100
2021-04-16,3370,3370,3320,3360,2790.705322,52517800
2021-04-19,3330,3360,3330,3340,2774.093750,44899700
2021-04-20,3330,3350,3300,3320,2757.482910,55700100
2021-04-21,3290,3330,3280,3280,2724.260010,47167800
2021-04-22,3290,3340,3290,3330,2765.788330,54970000
2021-04-23,3330,3330,3290,3310,2749.177002,39798400
2021-04-26,3280,3300,3250,3250,2699.342773,55076200
2021-04-27,3240,3250,3140,3160,2624.591797,166985400
2021-04-28,3160,3170,3130,3140,2607.980713,91596300
2021-04-29,3150,3210,3140,3200,2657.814697,111785100
2021-04-30,3220,3260,3200,3200,2657.814697,143840800
2021-05-03,3200,3210,3130,3170,2632.897949,124724400
2021-05-04,3180,3210,3170,3210,2666.120117,60180600
2021-05-05,3210,3210,3180,3200,2657.814697,76480300
2021-05-06,3200,3200,3150,3190,2649.508789,91955600
2021-05-07,3200,3220,3180,3190,2649.508789,98099900
2021-05-10,3190,3200,3160,3170,2632.897949,104121900
2021-05-11,3170,3200,3150,3180,2641.203369,94281900
2021-05-17,3190,3190,3150,3190,2649.508789,114071400
2021-05-18,3190,3190,3150,3180,2641.203369,77310400
2021-05-19,3150,3220,3150,3160,2624.591797,48958100
2021-05-20,3190,3320,3180,3310,2749.177002,197430900
2021-05-21,3340,3350,3270,3270,2715.954346,104101400
2021-05-24,3290,3330,3220,3260,2707.648926,64347100
2021-05-25,3290,3320,3270,3300,2740.871094,62218300
2021-05-27,3350,3400,3330,3380,2807.316650,233551300
2021-05-28,3380,3400,3260,3270,2715.954346,87439800
2021-05-31,3300,3460,3300,3440,2857.150635,155768200
2021-06-02,3490,3500,3420,3450,2865.456299,108933400
2021-06-03,3420,3490,3420,3490,2898.679199,77627900
2021-06-04,3490,3510,3450,3500,2906.984619,70624200
2021-06-07,3540,3570,3500,3550,2948.513184,124440300
2021-06-08,3550,3550,3470,3500,2906.984619,132409400
2021-06-09,3340,3400,3310,3390,2957.595215,112204200
2021-06-10,3350,3500,3340,3480,3036.115479,137713700
2021-06-11,3490,3500,3420,3470,3027.391113,82336600
2021-06-14,3460,3470,3400,3410,2975.044434,46016500
2021-06-15,3410,3440,3380,3440,3001.217773,60528600
2021-06-16,3380,3430,3380,3410,2975.044434,39149800
2021-06-17,3370,3420,3350,3350,2922.697510,50286100
2021-06-18,3350,3400,3290,3350,2922.697510,168414300
2021-06-21,3280,3340,3260,3300,2879.075195,74248200
2021-06-22,3300,3370,3290,3300,2879.075195,89349200
2021-06-23,3310,3420,3310,3370,2940.146240,81901000
2021-06-24,3330,3360,3240,3250,2835.452881,101334200
2021-06-25,3250,3300,3240,3250,2835.452881,58330700
2021-06-28,3250,3260,3170,3170,2765.656982,66338900
2021-06-29,3190,3260,3150,3160,2756.932617,123411200
2021-06-30,3150,3180,3130,3150,2748.208008,142204500
2021-07-01,3160,3170,3090,3110,2713.310059,143665900
2021-07-02,3110,3130,3060,3070,2678.412354,161855700
2021-07-05,3070,3090,3010,3040,2652.238770,133815000
2021-07-06,3050,3070,3000,3010,2626.065430,151573500
2021-07-07,3030,3070,3010,3030,2643.514404,110215500
2021-07-08,3060,3060,3000,3010,2626.065430,132576600
2021-07-09,3040,3170,3030,3160,2756.932617,222916400
2021-07-12,3190,3190,3110,3130,2730.759033,86268000
2021-07-13,3160,3160,3050,3070,2678.412354,82856600
2021-07-14,3050,3070,3020,3060,2669.687988,84993400
2021-07-15,3110,3140,3080,3130,2730.759033,88092800
2021-07-16,3140,3170,3110,3170,2765.656982,63626300
2021-07-19,3160,3230,3150,3220,2809.279297,116219500
2021-07-21,3190,3240,3180,3210,2800.554932,115099400
2021-07-22,3210,3260,3210,3260,2844.177002,48865700
2021-07-23,3250,3250,3150,3170,2765.656982,67128400
2021-07-26,3140,3200,3140,3190,2783.106201,55525800
2021-07-27,3210,3270,3160,3270,2852.901611,62673400
2021-07-28,3250,3250,3150,3190,2783.106201,103282300
2021-07-29,3210,3290,3200,3230,2818.003662,126542400
2021-07-30,3200,3290,3200,3240,2826.728271,95143100
2021-08-02,3240,3310,3210,3310,2887.799805,60368200
2021-08-03,3310,3360,3290,3330,2905.248535,89712500
2021-08-04,3330,3370,3310,3370,2940.146240,63108600
2021-08-05,3360,3400,3320,3340,2913.972900,89742800
2021-08-06,3360,3380,3310,3320,2896.524170,31664200
2021-08-09,3260,3300,3220,3250,2835.452881,70299500
2021-08-10,3240,3270,3190,3230,2818.003662,57658000
2021-08-12,3260,3350,3240,3350,2922.697510,93133400
2021-08-13,3370,3380,3260,3300,2879.075195,59903600
2021-08-16,3300,3340,3290,3340,2913.972900,38661800
2021-08-18,3360,3440,3350,3420,2983.768799,162921300
2021-08-19,3410,3430,3360,3390,2957.595215,100851800
2021-08-20,3390,3430,3370,3400,2966.319824,113411000
2021-08-23,3420,3440,3400,3440,3001.217773,64122400
2021-08-24,3410,3420,3310,3400,2966.319824,69338100
2021-08-25,3390,3390,3330,3370,2940.146240,66618200
2021-08-26,3330,3360,3320,3360,2931.421875,55756100
2021-08-27,3370,3370,3310,3320,2896.524170,62419000
2021-08-30,3330,3400,3330,3400,2966.319824,64177700
2021-08-31,3400,3420,3360,3400,2966.319824,130019000
2021-09-01,3420,3420,3330,3340,2913.972900,85135200
2021-09-02,3350,3390,3350,3370,2940.146240,51633800
2021-09-03,3400,3420,3370,3390,2957.595215,65479800
2021-09-06,3410,3410,3380,3390,2957.595215,52640400
2021-09-07,3410,3410,3360,3380,2948.870850,42617400
2021-09-08,3400,3400,3310,3330,2905.248535,80636800
2021-09-09,3360,3390,3330,3390,2957.595215,82214400
2021-09-10,3380,3390,3320,3330,2905.248535,52115300
2021-09-13,3310,3350,3300,3350,2922.697510,45547200
2021-09-14,3380,3450,3350,3440,3001.217773,166002100
2021-09-15,3430,3450,3410,3450,3009.942383,73158300
2021-09-16,3470,3470,3400,3440,3001.217773,58318700
2021-09-17,3400,3530,3390,3530,3079.738037,117573100
2021-09-20,3500,3520,3460,3520,3071.013428,83985100
2021-09-21,3500,3560,3480,3530,3079.738037,95848100
2021-09-22,3530,3590,3520,3590,3132.084473,66835200
2021-09-23,3600,3610,3550,3560,3105.911377,104737500
2021-09-24,3560,3580,3540,3560,3105.911377,72224500
2021-09-27,3530,3560,3480,3520,3071.013428,87303000
2021-09-28,3510,3540,3490,3530,3079.738037,54671700
2021-09-29,3490,3540,3490,3530,3079.738037,53170100
2021-09-30,3550,3690,3540,3690,3219.329590,153853900
2021-10-01,3680,3690,3610,3660,3193.156006,109898400
2021-10-04,3620,3670,3600,3670,3201.880615,82205100
2021-10-05,3670,3680,3620,3670,3201.880615,140488300
2021-10-06,3690,3770,3650,3760,3280.400635,153535700
2021-10-07,3720,3740,3690,3720,3245.502686,56837600
2021-10-08,3730,3800,3720,3800,3315.298828,91361800
2021-10-11,3800,3850,3770,3810,3324.023193,78865000
2021-10-12,3780,3840,3770,3780,3297.849609,69866300
2021-10-13,3750,3820,3750,3770,3289.125244,87143900
2021-10-14,3770,3830,3770,3830,3341.471924,95817900
2021-10-15,3840,3840,3750,3810,3324.023193,69707700
2021-10-18,3840,3840,3790,3790,3306.574219,78580700
2021-10-19,3750,3800,3720,3740,3262.951904,61095700
2021-10-21,3780,3880,3760,3850,3358.920898,169659500
2021-10-22,3860,3880,3820,3870,3376.369873,59640700
2021-10-25,3800,3840,3780,3780,3297.849609,58246300
2021-10-26,3800,3830,3780,3800,3315.298828,58615100
2021-10-27,3820,3830,3770,3790,3306.574219,52210100
2021-10-28,3820,3820,3710,3750,3271.676270,61151100
2021-10-29,3750,3810,3730,3800,3315.298828,70430900
2021-11-01,3810,3820,3700,3700,3228.053955,65447100
2021-11-02,3700,3710,3640,3660,3193.156006,170260000
2021-11-03,3620,3740,3620,3720,3245.502686,48810500
2021-11-04,3750,3780,3720,3770,3289.125244,53494200
2021-11-05,3760,3770,3710,3770,3289.125244,43133000
2021-11-08,3780,3780,3710,3750,3271.676270,58758600
2021-11-09,3730,3740,3680,3710,3236.778320,92427800
2021-11-10,3670,3720,3670,3700,3228.053955,53511200
2021-11-11,3700,3730,3640,3650,3184.431396,95789600
2021-11-12,3660,3660,3600,3600,3140.809082,115142400
2021-11-15,3600,3650,3600,3600,3140.809082,91001800
2021-11-16,3590,3680,3590,3670,3201.880615,99590700
2021-11-17,3690,3690,3600,3630,3166.982666,82023300
2021-11-18,3630,3640,3600,3630,3166.982666,53290400
2021-11-19,3660,3920,3660,3900,3402.543457,310615000
2021-11-22,3920,3930,3780,3800,3315.298828,206683100
2021-11-23,3800,3850,3780,3800,3315.298828,67778800
2021-11-24,3840,3840,3790,3800,3315.298828,67303800
2021-11-25,3880,4090,3850,4000,3489.788086,264897100
2021-11-26,4040,4050,3970,4010,3498.512451,231870300
2021-11-29,4010,4170,3980,4140,3611.930664,228774600
2021-11-30,4150,4170,3990,3990,3481.063477,435800600
2021-12-01,4040,4150,4020,4080,3559.583740,200699200
2021-12-02,4140,4190,4100,4160,3629.379639,116093100
2021-12-03,4130,4180,4050,4070,3550.859131,96760700
2021-12-06,4060,4250,4050,4170,3638.104004,106756900
2021-12-07,4180,4200,4120,4150,3620.655029,121543400
2021-12-08,4100,4120,4010,4090,3568.308350,113845600
2021-12-09,4090,4150,4080,4150,3620.655029,86985800
2021-12-10,4070,4150,4070,4150,3620.655029,90725000
2021-12-13,4150,4150,4080,4080,3559.583740,65533000
2021-12-14,4120,4120,4070,4100,3577.032715,75736900
2021-12-15,4060,4140,4060,4080,3559.583740,84424500
2021-12-16,4110,4150,4060,4100,3577.032715,98164300
2021-12-17,4010,4100,4010,4100,3577.032715,149615800
2021-12-20,4070,4110,4040,4080,3559.583740,72794200
2021-12-21,4110,4190,4100,4160,3629.379639,98039300
2021-12-22,4160,4170,4110,4110,3585.757080,50574500
2021-12-23,4110,4160,4100,4160,3629.379639,54508200
2021-12-24,4160,4170,4100,4110,3585.757080,29075600
2021-12-27,4150,4150,4070,4080,3559.583740,30748000
2021-12-28,4080,4130,4050,4090,3568.308350,39443300
2021-12-29,4100,4130,4080,4080,3559.583740,25596100
2021-12-30,4130,4130,4040,4040,3524.685791,50575100
2022-01-03,4060,4180,4050,4180,3646.828613,65937900
2022-01-04,4180,4200,4150,4170,3638.104004,42984700
2022-01-05,4150,4190,4030,4050,3533.410400,119584700
2022-01-06,4090,4120,4030,4120,3594.481689,89197500
2022-01-07,4120,4190,4090,4170,3638.104004,68415100
2022-01-10,4180,4190,4100,4100,3577.032715,44921200
2022-01-11,4120,4160,4090,4090,3568.308350,61890200
2022-01-12,4110,4140,4070,4110,3585.757080,45132700
2022-01-13,4170,4180,4110,4180,3646.828613,84148400
2022-01-14,4140,4190,4130,4190,3655.552979,28193100
2022-01-17,4200,4200,4140,4180,3646.828613,39816300
2022-01-18,4200,4250,4160,4250,3707.899902,112212200
2022-01-19,4260,4260,4230,4250,3707.899902,88713900
2022-01-20,4300,4300,4190,4220,3681.726318,100014500
2022-01-21,4240,4330,4190,4330,3777.695313,75534800
2022-01-24,4260,4310,4250,4300,3751.521973,70404500
2022-01-25,4310,4320,4250,4290,3742.797607,116353600
2022-01-26,4380,4390,4290,4390,3830.042480,127641400
2022-01-27,4400,4400,4260,4270,3725.348877,98613900
2022-01-28,4260,4300,4230,4260,3716.624268,61686700
2022-01-31,4210,4250,4190,4190,3655.552979,88735900
2022-02-02,4170,4200,4150,4170,3638.104004,144006000
2022-02-03,4200,4210,4160,4200,3664.277344,58212400
2022-02-04,4260,4260,4180,4230,3690.450684,98728700
2022-02-07,4230,4290,4210,4290,3742.797607,90285800
2022-02-08,4280,4280,4230,4230,3690.450684,71210400
2022-02-09,4280,4280,4210,4280,3734.073486,95375000
2022-02-10,4400,4470,4340,4460,3891.113525,233984700
2022-02-11,4500,4550,4410,4450,3882.389160,130081900
2022-02-14,4380,4400,4310,4400,3838.766602,104903700
2022-02-15,4400,4440,4360,4410,3847.491211,75305900
2022-02-16,4420,4460,4380,4400,3838.766602,90121200
2022-02-17,4400,4440,4360,4410,3847.491211,72970200
2022-02-18,4420,4440,4370,4400,3838.766602,71111300
2022-02-21,4370,4420,4340,4370,3812.593506,58883000
2022-02-22,4320,4360,4250,4300,3751.521973,106985800
2022-02-23,4280,4370,4270,4350,3795.144531,110562400
2022-02-24,4280,4320,4200,4240,3699.175293,126158600
2022-02-25,4240,4350,4240,4340,3786.419922,208757000
2022-03-01,4640,4650,4350,4350,3795.144531,206416900
2022-03-02,4400,4400,4270,4290,3742.797607,152165300
2022-03-04,4440,4440,4300,4400,3838.766602,155369100
2022-03-07,4400,4530,4370,4510,3934.735840,177360400
2022-03-08,4600,4700,4540,4620,4030.705078,234086000
2022-03-09,4550,4620,4420,4440,3873.664551,145145900
2022-03-10,4500,4500,4380,4410,3847.491211,130830800
2022-03-11,4410,4590,4400,4590,4004.531982,143446200
2022-03-14,4650,4670,4540,4580,3995.807129,166572700
2022-03-15,4630,4630,4570,4620,4030.705078,231077800
2022-03-16,4660,4660,4550,4630,4039.429443,109961900
2022-03-17,4550,4580,4450,4480,3908.562744,246300800
2022-03-18,4490,4540,4470,4540,3960.909424,210266100
2022-03-21,4550,4570,4520,4550,3969.633789,79691600
2022-03-22,4550,4580,4540,4550,3969.633789,98699900
2022-03-23,4550,4570,4500,4550,3969.633789,78299500
2022-03-24,4500,4570,4500,4560,3978.358398,89578400
2022-03-25,4510,4540,4480,4520,3943.460449,90053700
2022-03-28,4510,4600,4500,4600,4013.256348,184131000
2022-03-29,4600,4620,4560,4560,3978.358398,77920800
2022-03-30,4620,4620,4560,4580,3995.807129,118749100
2022-03-31,4620,4640,4560,4580,3995.807129,108109700
2022-04-01,4550,4580,4530,4580,3995.807129,86590300
2022-04-04,4560,4570,4490,4540,3960.909424,103480300
2022-04-05,4550,4550,4500,4520,3943.460449,52172300
2022-04-06,4490,4500,4420,4430,3864.940186,108368800
2022-04-07,4450,4540,4440,4540,3960.909424,143921800
2022-04-08,4580,4610,4560,4580,3995.807129,161974500
2022-04-11,4610,4610,4550,4590,4004.531982,90521500
2022-04-12,4620,4630,4580,4630,4039.429443,187948000
2022-04-13,4700,4720,4650,4690,4091.776367,196864200
2022-04-14,4700,4730,4660,4680,4083.052002,112735200
2022-04-18,4720,4730,4690,4710,4109.225586,120778200
2022-04-19,4740,4750,4680,4680,4083.052002,92268300
2022-04-20,4680,4690,4620,4630,4039.429443,88360900
2022-04-21,4620,4670,4600,4620,4030.705078,97575800
2022-04-22,4620,4680,4580,4620,4030.705078,101299100
2022-04-25,4610,4720,4580,4710,4109.225586,92045500
2022-04-26,4680,4760,4670,4760,4152.847656,85945800
2022-04-27,4720,4790,4720,4770,4161.572266,136485600
2022-04-28,4850,4850,4620,4620,4030.705078,198484800
2022-05-09,4560,4560,4300,4310,3760.246338,343682000
2022-05-10,4120,4380,4120,4340,3786.419922,281386300
2022-05-11,4400,4480,4330,4330,3777.695313,154455400
2022-05-12,4340,4390,4250,4300,3751.521973,233518500
2022-05-13,4250,4350,4230,4260,3716.624268,190889200
2022-05-17,4250,4290,4180,4180,3646.828613,170880700
2022-05-18,4230,4290,4190,4250,3707.899902,185359500
2022-05-19,4180,4230,4150,4210,3673.001709,112679300
2022-05-20,4220,4230,4170,4170,3638.104004,141701800
2022-05-23,4160,4180,4070,4110,3585.757080,196569900
2022-05-24,4120,4200,4120,4150,3620.655029,151693700
2022-05-25,4200,4210,4150,4200,3664.277344,166595400
2022-05-27,4260,4300,4210,4300,3751.521973,186513500
2022-05-30,4340,4340,4200,4250,3707.899902,107614100
2022-05-31,4270,4330,4230,4310,3760.246338,469620300
2022-06-02,4390,4390,4270,4290,3742.797607,164481100
2022-06-03,4310,4390,4300,4310,3760.246338,108852800
2022-06-06,4310,4340,4270,4340,3786.419922,79319400
2022-06-07,4340,4340,4250,4250,3707.899902,142504000
2022-06-08,4150,4170,4080,4100,3707.868652,202555900
2022-06-09,4080,4130,4050,4050,3662.650635,148580200
2022-06-10,4040,4080,4000,4020,3635.520020,189186700
2022-06-13,3950,4100,3930,4080,3689.781494,156054900
2022-06-14,4050,4120,4020,4110,3716.912109,117325600
2022-06-15,4060,4080,4030,4060,3671.694336,94848800
2022-06-16,4120,4120,4030,4040,3653.606934,96042200
2022-06-17,4010,4120,3980,4120,3725.955811,169375800
2022-06-20,4050,4060,4000,4040,3653.606934,82101200
2022-06-21,4060,4120,4030,4110,3716.912109,77489000
2022-06-22,4090,4090,4040,4050,3662.650635,60907800
2022-06-23,4030,4160,4030,4160,3762.130127,101065400
2022-06-24,4230,4230,4100,4150,3753.086426,81050700
2022-06-27,4110,4120,4040,4070,3680.737793,71574300
2022-06-28,4010,4050,4000,4030,3644.563721,128618800
2022-06-29,4000,4080,4000,4040,3653.606934,72888100
2022-06-30,4110,4110,4000,4000,3617.432861,116718900
2022-07-01,4010,4040,4000,4020,3635.520020,39572500
2022-07-04,4020,4040,3840,3990,3608.389160,115885200
2022-07-05,4010,4070,3950,3990,3608.389160,72329600
2022-07-06,4050,4050,3970,4020,3635.520020,62679000
2022-07-07,4040,4050,4010,4040,3653.606934,42393800
2022-07-08,4050,4060,4000,4010,3626.476318,64049000
2022-07-11,4100,4100,4000,4040,3653.606934,42258000
2022-07-12,4060,4060,4010,4010,3626.476318,43399800
2022-07-13,4010,4030,3930,3940,3563.171143,96218200
2022-07-14,3940,4020,3900,4020,3635.520020,68708500
2022-07-15,4040,4210,4010,4150,3753.086426,146093800
2022-07-18,4110,4190,4070,4190,3789.260986,84009400
2022-07-19,4190,4190,4130,4160,3762.130127,91367900
2022-07-20,4140,4220,4140,4210,3807.347900,82344000
2022-07-21,4210,4260,4180,4260,3852.565918,107234600
2022-07-22,4240,4240,4190,4230,3825.435059,59792300
2022-07-25,4240,4260,4220,4240,3834.478760,37218000
2022-07-26,4240,4250,4190,4250,3843.522461,49786900
2022-07-27,4230,4300,4210,4300,3888.739990,60672300
2022-07-28,4310,4320,4190,4240,3834.478760,110767300
2022-07-29,4280,4300,4210,4230,3825.435059,108823600
2022-08-01,4230,4300,4230,4300,3888.739990,104724300
2022-08-02,4350,4450,4250,4450,4024.394043,112228800
2022-08-03,4450,4590,4410,4500,4069.612061,251825000
2022-08-04,4450,4550,4450,4550,4114.829590,186881500
2022-08-05,4590,4650,4530,4650,4205.265625,268967200
2022-08-08,4700,4700,4650,4700,4250.483398,191023500
2022-08-09,4700,4700,4630,4640,4196.221680,164453900
2022-08-10,4530,4590,4490,4560,4123.873535,162061400
2022-08-11,4550,4610,4520,4570,4132.916992,123629000
2022-08-12,4570,4600,4530,4550,4114.829590,124552500
2022-08-15,4540,4570,4440,4450,4024.394043,136882800
2022-08-16,4530,4580,4410,4410,3988.219482,127710800
2022-08-18,4360,4550,4350,4550,4114.829590,182044300
2022-08-19,4560,4610,4460,4600,4160.047852,177623900
2022-08-22,4550,4660,4530,4650,4205.265625,202320400
2022-08-23,4680,4710,4610,4660,4214.309082,229431400
2022-08-24,4660,4770,4600,4750,4295.701172,189007900
2022-08-25,4680,4700,4560,4570,4132.916992,179495700
2022-08-26,4510,4540,4480,4490,4060.568359,184317100
2022-08-29,4370,4550,4360,4520,4087.698975,101529800
2022-08-30,4580,4620,4480,4480,4051.524902,118884300
2022-08-31,4420,4600,4420,4560,4123.873535,175300400
2022-09-01,4560,4650,4530,4580,4141.960449,120871700
2022-09-02,4540,4620,4540,4600,4160.047852,106985000
2022-09-05,4560,4630,4550,4620,4178.134766,77323800
2022-09-06,4610,4620,4510,4510,4078.655273,61970100
2022-09-07,4500,4560,4480,4490,4060.568359,106145700
2022-09-08,4500,4640,4500,4560,4123.873535,123389200
2022-09-09,4550,4600,4530,4600,4160.047852,50307800
2022-09-12,4600,4600,4530,4540,4105.786133,74820600
2022-09-13,4540,4560,4520,4520,4087.698975,91510200
2022-09-14,4490,4530,4460,4480,4051.524902,97919200
2022-09-15,4540,4600,4500,4500,4069.612061,125599900
2022-09-16,4500,4500,4410,4410,3988.219482,210277300
2022-09-19,4460,4560,4440,4500,4069.612061,116164500
2022-09-20,4530,4540,4480,4480,4051.524902,100743700
2022-09-21,4450,4470,4410,4430,4006.306641,91363200
2022-09-22,4400,4450,4380,4430,4006.306641,89922900
2022-09-23,4400,4430,4380,4380,3961.089111,95911400
2022-09-26,4390,4510,4300,4460,4033.437500,132185400
2022-09-27,4450,4470,4380,4440,4015.350342,123113800
2022-09-28,4430,4530,4400,4470,4042.481201,104385500
2022-09-29,4460,4500,4420,4440,4015.350342,90290400
2022-09-30,4400,4500,4390,4460,4033.437500,111482000
2022-10-03,4460,4470,4380,4460,4033.437500,77569100
2022-10-04,4460,4510,4430,4440,4015.350342,87832800
2022-10-05,4490,4540,4460,4460,4033.437500,61888400
2022-10-06,4460,4480,4420,4430,4006.306641,60464300
2022-10-07,4400,4430,4350,4350,3933.958252,102570000
2022-10-10,4340,4420,4330,4420,3997.263184,72389100
2022-10-11,4360,4380,4310,4310,3897.783691,108794500
2022-10-12,4300,4350,4280,4340,3924.914551,107938600
2022-10-13,4330,4350,4290,4300,3888.739990,70034500
2022-10-14,4360,4360,4290,4290,3879.696533,68096300
2022-10-17,4200,4330,4200,4330,3915.870850,90321700
2022-10-18,4310,4340,4250,4250,3843.522461,72516000
2022-10-19,4220,4300,4200,4200,3798.304443,65848300
2022-10-20,4200,4350,4200,4350,3933.958252,165391500
2022-10-21,4300,4390,4300,4360,3943.001709,79825700
2022-10-24,4380,4450,4380,4410,3988.219482,76777200
2022-10-25,4430,4470,4390,4390,3970.132568,109154300
2022-10-26,4420,4430,4330,4370,3952.045410,97320500
2022-10-27,4390,4410,4340,4370,3952.045410,80270300
2022-10-28,4420,4450,4380,4450,4024.394043,91101500
2022-10-31,4460,4460,4360,4390,3970.132568,162753500
2022-11-01,4420,4420,4360,4420,3997.263184,108592900
2022-11-02,4400,4420,4220,4220,3816.391602,217855200
2022-11-03,4140,4170,4050,4130,3734.999512,231475000
2022-11-04,4070,4210,4070,4210,3807.347900,201183100
2022-11-07,4250,4280,4160,4280,3870.653320,129868800
2022-11-08,4270,4280,4200,4220,3816.391602,110546800
2022-11-09,4200,4230,4180,4190,3789.260986,145833200
2022-11-10,4110,4210,4110,4170,3771.173584,81249200
2022-11-11,4160,4180,4140,4150,3753.086426,227799300
2022-11-14,4090,4120,4030,4050,3662.650635,188771200
2022-11-15,4050,4080,4030,4050,3662.650635,88570400
2022-11-16,4000,4070,3960,4050,3662.650635,149512300
2022-11-17,4020,4070,4020,4040,3653.606934,68616700
2022-11-18,4070,4080,4010,4010,3626.476318,115907900
2022-11-21,4020,4060,4010,4030,3644.563721,45277400
2022-11-22,4020,4040,4000,4000,3617.432861,83888300
2022-11-23,3990,4030,3970,3970,3590.302002,95750400
2022-11-24,3980,4040,3980,4030,3644.563721,50741600
2022-11-25,4010,4040,3980,4030,3644.563721,73305800
2022-11-28,4030,4040,3980,3980,3599.345459,94063100
2022-11-29,3980,4020,3980,3980,3599.345459,94389800
2022-11-30,3970,4050,3970,4040,3653.606934,585687400
2022-12-01,4020,4040,3960,3960,3581.258545,230066600
2022-12-02,3950,4020,3930,4000,3617.432861,113336600
2022-12-05,3980,3990,3820,3840,3472.735596,148751200
2022-12-06,3640,3720,3580,3600,3255.689453,416468700
2022-12-07,3600,3700,3570,3680,3328.038086,278572200
2022-12-08,3700,3780,3620,3740,3382.299805,245646400
2022-12-09,3680,3720,3630,3650,3300.907227,164606100
2022-12-12,3670,3710,3640,3700,3346.125488,170545000
2022-12-13,3690,3790,3680,3750,3391.343262,231127000
2022-12-14,3820,3820,3740,3750,3391.343262,107175700
2022-12-15,3680,3720,3670,3670,3318.994629,143233600
2022-12-16,3610,3740,3610,3680,3328.038086,310944500
2022-12-19,3740,3790,3680,3720,3364.212402,119137700
2022-12-20,3730,3750,3700,3720,3364.212402,55351300
2022-12-21,3690,3790,3670,3790,3427.517578,98741000
2022-12-22,3800,3810,3740,3750,3391.343262,68702100
2022-12-23,3710,3780,3700,3780,3418.473877,45179400
2022-12-26,3780,3800,3730,3750,3391.343262,19216700
2022-12-27,3770,3840,3750,3810,3445.604736,49816500
2022-12-28,3800,3810,3710,3730,3373.256104,65006300
2022-12-29,3720,3790,3710,3780,3418.473877,51703500
2022-12-30,3760,3800,3750,3750,3391.343262,79677300
2023-01-02,3750,3800,3750,3800,3436.561279,7959900
2023-01-03,3790,3890,3770,3860,3490.822754,64235000
2023-01-04,3840,3860,3810,3820,3454.648193,56785600
2023-01-05,3800,3820,3720,3770,3409.430420,135167000
2023-01-06,3750,3770,3710,3710,3355.168945,65207400
2023-01-09,3730,3790,3730,3790,3427.517578,46616400
2023-01-10,3810,3850,3750,3830,3463.691895,80009900
2023-01-11,3820,3900,3790,3870,3499.866211,75139300
2023-01-12,3790,3900,3780,3860,3490.822754,105775500
2023-01-13,3820,3860,3770,3780,3418.473877,85780600
2023-01-16,3780,3850,3780,3850,3481.779053,58918700
2023-01-17,3870,3990,3860,3950,3572.214844,132256600
2023-01-18,4010,4010,3900,3930,3554.127686,94772000
2023-01-19,3900,3980,3880,3890,3517.953369,109555200
2023-01-20,3910,3920,3850,3870,3499.866211,88457800
2023-01-24,3890,3910,3850,3850,3481.779053,45504900
2023-01-25,3850,3880,3810,3840,3472.735596,80575100
2023-01-26,3850,4000,3850,3970,3590.302002,117238000
2023-01-27,3970,3990,3950,3960,3581.258545,100769500
2023-01-30,3960,3970,3910,3960,3581.258545,59425300
2023-01-31,3940,3950,3850,3850,3481.779053,179726700
2023-02-01,3850,3900,3840,3870,3499.866211,70997300
2023-02-02,3850,3900,3840,3890,3517.953369,78852300
2023-02-03,3910,3920,3870,3880,3508.909668,55154800
2023-02-06,3860,3910,3850,3880,3508.909668,58861300
2023-02-07,3880,3880,3800,3800,3436.561279,76254900
2023-02-08,3800,3850,3790,3840,3472.735596,65856500
2023-02-09,3840,3840,3760,3770,3409.430420,91337300
2023-02-10,3750,3800,3690,3800,3436.561279,88759600
2023-02-13,3800,3810,3750,3790,3427.517578,69004400
2023-02-14,3830,3830,3760,3800,3436.561279,80331100
2023-02-15,3810,3820,3730,3790,3427.517578,59028200
2023-02-16,3800,3800,3750,3770,3409.430420,49869900
2023-02-17,3770,3770,3720,3760,3400.386719,50369000
2023-02-20,3760,3820,3760,3820,3454.648193,57438900
2023-02-21,3850,3870,3830,3840,3472.735596,63880300
2023-02-22,3850,3870,3800,3860,3490.822754,48505600
2023-02-23,3950,3970,3890,3970,3590.302002,109147100
2023-02-24,4000,4040,3950,4040,3653.606934,142165700
2023-02-27,3990,4000,3920,3960,3581.258545,66461600
2023-02-28,3930,3970,3880,3880,3508.909668,115766900
2023-03-01,3930,3990,3910,3930,3554.127686,47395200
2023-03-02,3900,3930,3880,3880,3508.909668,43208800
2023-03-03,3880,3920,3870,3900,3526.997070,49796000
2023-03-06,3940,3950,3870,3880,3508.909668,50103800
2023-03-07,3890,3910,3850,3880,3508.909668,59086800
2023-03-08,3850,3940,3850,3940,3563.171143,78551000
2023-03-09,3970,4000,3960,3970,3590.302002,68725500
2023-03-10,3960,4020,3930,4010,3626.476318,76136200
2023-03-13,4020,4090,3980,4070,3680.737793,104663300
2023-03-14,4030,4090,4000,4020,3635.520020,111430100
2023-03-15,4050,4050,3990,4010,3626.476318,65025400
2023-03-16,4040,4060,3980,4050,3662.650635,96707900
2023-03-17,4090,4100,4030,4050,3662.650635,232270900
2023-03-20,4050,4050,3940,3990,3608.389160,105982700
2023-03-21,4000,4120,4000,4120,3725.955811,88808200
2023-03-24,4100,4120,4060,4070,3680.737793,96214700
2023-03-27,4100,4120,4030,4050,3662.650635,71556400
2023-03-28,4100,4100,4030,4050,3662.650635,87955300
2023-03-29,4090,4120,4070,4100,3707.868652,113504700
2023-03-30,4050,4130,4040,4090,3698.825195,87690800
2023-03-31,4110,4120,4040,4060,3671.694336,93699000
2023-04-03,4100,4100,4070,4080,3689.781494,56896200
2023-04-04,4080,4100,4040,4060,3671.694336,82969200
2023-04-05,4100,4170,4080,4150,3753.086426,70419100
2023-04-06,4200,4270,4170,4250,3843.522461,125329700
2023-04-10,4250,4300,4190,4300,3888.739990,85757900
2023-04-11,4290,4300,4250,4300,3888.739990,84322900
2023-04-12,4320,4350,4260,4310,3897.783691,178923700
2023-04-13,4340,4350,4290,4340,3924.914551,119431600
2023-04-14,4340,4360,4320,4340,3924.914551,117305500
2023-04-17,4340,4340,4250,4270,3861.609619,59688000
2023-04-18,4240,4280,4230,4270,3861.609619,65644600
2023-04-26,4480,4500,4330,4400,3979.175781,198984100
2023-04-27,4450,4450,4300,4320,3906.827393,58407000
2023-04-28,4270,4320,4220,4250,3843.522461,112116900
2023-05-02,4210,4220,4130,4190,3789.260986,117097400
2023-05-03,4200,4200,4080,4150,3753.086426,158597800
2023-05-04,4170,4190,4140,4150,3753.086426,98421300
2023-05-05,4160,4170,4080,4170,3771.173584,113408100
2023-05-08,4170,4180,4040,4060,3671.694336,121002600
2023-05-09,4050,4090,4030,4070,3680.737793,105907900
2023-05-10,4050,4130,4040,4130,3734.999512,84306600
2023-05-11,4100,4120,4060,4090,3698.825195,74171300
2023-05-12,4050,4050,3950,3980,3599.345459,236777600
2023-05-15,3990,3990,3930,3980,3599.345459,113329300
2023-05-16,4020,4020,3940,3980,3599.345459,68777200
2023-05-17,3980,4020,3960,3990,3608.389160,83183300
2023-05-19,3990,4060,3970,4020,3635.520020,95986000
2023-05-22,4000,4080,3980,4040,3653.606934,115578100
2023-05-23,4030,4080,4030,4040,3653.606934,132751000
2023-05-24,4020,4200,4020,4160,3762.130127,194127500
2023-05-25,4190,4220,4120,4120,3725.955811,122121000
2023-05-26,4140,4160,4110,4130,3734.999512,62211800
2023-05-29,4120,4200,4090,4200,3798.304443,77540300
2023-05-30,4140,4190,4120,4120,3725.955811,78924700
2023-05-31,4120,4160,4040,4040,3653.606934,1155861400
2023-06-05,4060,4130,4020,4080,3689.781494,189129300
2023-06-06,4090,4130,4050,4090,3698.825195,95792700
2023-06-07,4100,4150,4080,4150,3753.086426,127707400
2023-06-08,4160,4180,4120,4170,3771.173584,78989700
2023-06-09,4170,4170,4140,4150,3753.086426,83014700
2023-06-12,4040,4050,4010,4050,3816.792725,94687300
2023-06-13,4040,4060,4030,4030,3797.944336,69609000
2023-06-14,4020,4040,3990,4000,3769.671875,110730800
2023-06-15,3990,4040,3980,4020,3788.520264,85391800
2023-06-16,4020,4030,3960,3970,3741.399414,160978900
2023-06-19,3960,3990,3950,3960,3731.975098,54934100
2023-06-20,3980,3990,3950,3990,3760.247803,55155600
2023-06-21,3970,3980,3950,3980,3750.823486,60191300
2023-06-22,3980,3990,3940,3940,3713.126953,56150900
2023-06-23,3940,3960,3940,3950,3722.551025,41812400
2023-06-26,3940,3990,3940,3990,3760.247803,36011500
2023-06-27,4030,4030,3990,4000,3769.671875,64879900
2023-07-03,4030,4030,3970,4000,3769.671875,75193200
2023-07-04,4000,4010,3970,3970,3741.399414,33974300
2023-07-05,3970,3980,3950,3980,3750.823486,43303000
2023-07-06,3970,3990,3960,3960,3731.975098,68088900
2023-07-07,3960,3980,3950,3960,3731.975098,50474800
2023-07-10,3960,3980,3940,3950,3722.551025,65643300
2023-07-11,3950,3990,3950,3980,3750.823486,89768500
2023-07-12,3980,4010,3970,3980,3750.823486,73770400
2023-07-13,3960,3970,3910,3920,3694.278564,83009900
2023-07-14,3960,3960,3920,3930,3703.702637,64886900
2023-07-17,3950,3970,3910,3910,3684.854248,81399700
2023-07-18,3930,3930,3820,3850,3628.309326,135860500
2023-07-20,3820,3860,3810,3850,3628.309326,88907600
2023-07-21,3840,3870,3840,3860,3637.733398,53955100
2023-07-24,3880,3930,3870,3900,3675.430176,80710100
2023-07-25,3920,3920,3880,3880,3656.581787,66434400
2023-07-26,3890,3900,3830,3880,3656.581787,86732900
2023-07-27,3840,3860,3720,3720,3505.794922,235026400
2023-07-28,3710,3750,3690,3720,3505.794922,181626700
2023-07-31,3700,3750,3670,3720,3505.794922,153583300
2023-08-01,3700,3780,3700,3750,3534.067383,97680500
2023-08-02,3740,3740,3680,3690,3477.522461,121333500
2023-08-03,3670,3760,3670,3720,3505.794922,82013300
2023-08-04,3720,3730,3690,3690,3477.522461,67746800
2023-08-07,3700,3720,3680,3680,3468.098145,94909700
2023-08-08,3680,3760,3680,3730,3515.218994,116329400
2023-08-09,3750,3800,3740,3770,3552.915771,129416100
2023-08-10,3800,3830,3800,3800,3581.188232,140158900
2023-08-11,3830,3840,3790,3810,3590.612549,109714400
2023-08-14,3810,3830,3760,3830,3609.460938,86871800
2023-08-15,3800,3830,3800,3820,3600.036621,80015200
2023-08-16,3790,3830,3750,3830,3609.460938,81507800
2023-08-18,3790,3800,3760,3760,3543.491699,108780100
2023-08-21,3760,3780,3720,3740,3524.643311,64449000
2023-08-22,3740,3780,3730,3750,3534.067383,98059600
2023-08-23,3750,3770,3730,3740,3524.643311,84842500
2023-08-24,3730,3770,3720,3720,3505.794922,82789700
2023-08-25,3700,3730,3700,3720,3505.794922,42049200
2023-08-28,3730,3740,3700,3700,3486.946533,37727500
2023-08-29,3700,3720,3700,3720,3505.794922,53453600
2023-08-30,3730,3850,3720,3810,3590.612549,130027200
2023-08-31,3810,3820,3700,3730,3515.218994,227635800
2023-09-01,3710,3740,3710,3720,3505.794922,82253200
2023-09-04,3720,3750,3710,3730,3515.218994,55881900
2023-09-05,3730,3750,3710,3740,3524.643311,62933300
2023-09-06,3750,3810,3740,3790,3571.764160,98673400
2023-09-07,3780,3790,3730,3760,3543.491699,63054500
2023-09-08,3770,3770,3670,3690,3477.522461,143090100
2023-09-11,3710,3710,3680,3700,3486.946533,76577500
2023-09-12,3700,3740,3700,3710,3496.370605,72170600
2023-09-13,3720,3720,3670,3710,3496.370605,82635900
2023-09-14,3710,3720,3680,3680,3468.098145,55532900
2023-09-15,3680,3780,3670,3720,3505.794922,147757300
2023-09-18,3700,3720,3680,3680,3468.098145,40645900
2023-09-19,3690,3740,3690,3730,3515.218994,38375000
2023-09-20,3740,3850,3740,3810,3590.612549,171751900
2023-09-21,3810,3840,3790,3810,3590.612549,94880700
2023-09-22,3830,3880,3810,3860,3637.733398,101185700
2023-09-25,3810,3830,3770,3770,3552.915771,125817700
2023-09-26,3770,3800,3750,3760,3543.491699,74734500
2023-09-27,3750,3780,3720,3720,3505.794922,83337700
2023-09-29,3730,3800,3730,3750,3534.067383,66219300
2023-10-02,3750,3780,3730,3750,3534.067383,71945000
2023-10-03,3750,3800,3740,3770,3552.915771,61155100
2023-10-04,3800,3800,3740,3780,3562.339844,77527700
2023-10-05,3790,3800,3720,3720,3505.794922,81258900
2023-10-06,3780,3800,3770,3780,3562.339844,60156100
2023-10-09,3770,3780,3750,3760,3543.491699,37711400
2023-10-10,3780,3820,3770,3810,3590.612549,51167900
2023-10-11,3780,3810,3780,3780,3562.339844,83154300
2023-10-12,3820,3870,3800,3830,3609.460938,101645100
2023-10-13,3820,3850,3810,3850,3628.309326,48856500
2023-10-16,3850,3850,3740,3760,3543.491699,117472800
2023-10-17,3780,3810,3770,3790,3571.764160,57046900
2023-10-18,3770,3780,3730,3750,3534.067383,64910600
2023-10-19,3730,3760,3720,3730,3515.218994,62296900
2023-10-20,3720,3730,3690,3700,3486.946533,38978200
2023-10-23,3710,3720,3610,3610,3402.128906,69428400
2023-10-24,3640,3670,3600,3650,3439.825684,67041700
2023-10-25,3650,3680,3580,3600,3392.704834,89567900
2023-10-26,3600,3610,3460,3480,3279.614502,141139700
2023-10-27,3480,3530,3440,3500,3298.462891,99607000
2023-10-30,3500,3500,3390,3420,3223.069580,82945500
2023-10-31,3400,3510,3400,3490,3289.038818,66801600
2023-11-01,3600,3700,3600,3620,3411.552979,154441100
2023-11-02,3690,3690,3620,3620,3411.552979,69582500
2023-11-03,3590,3630,3540,3570,3364.432129,85146800
2023-11-06,3610,3650,3600,3650,3439.825684,66902400
2023-11-07,3600,3610,3550,3570,3364.432129,103642200
2023-11-08,3520,3540,3500,3520,3317.311279,103415400
2023-11-09,3500,3570,3500,3530,3326.735352,96594900
2023-11-10,3520,3550,3490,3550,3345.583740,48619500
2023-11-13,3570,3570,3510,3520,3317.311279,37975400
2023-11-14,3500,3540,3500,3500,3298.462891,45987000
2023-11-15,3520,3570,3520,3550,3345.583740,114104500
2023-11-16,3550,3550,3510,3540,3336.159668,41789400
2023-11-17,3530,3550,3480,3550,3345.583740,55585600
2023-11-20,3560,3600,3540,3590,3383.280518,39932700
2023-11-21,3590,3620,3580,3620,3411.552979,68255800
2023-11-22,3610,3630,3590,3610,3402.128906,34555300
2023-11-23,3610,3630,3590,3600,3392.704834,57385100
2023-11-24,3600,3620,3570,3620,3411.552979,34583700
2023-11-27,3640,3730,3640,3680,3468.098145,73888700
2023-11-28,3680,3800,3680,3770,3552.915771,106829100
2023-11-29,3750,3770,3700,3720,3505.794922,56467400
2023-11-30,3750,3820,3740,3760,3543.491699,258522400
2023-12-01,3790,3840,3790,3830,3609.460938,81037200
2023-12-04,3840,3860,3780,3810,3590.612549,118483900
2023-12-05,3830,3850,3800,3850,3628.309326,74608900
2023-12-06,3900,3950,3870,3920,3694.278564,149345100
2023-12-07,3950,3950,3880,3910,3684.854248,91076200
2023-12-08,3940,3940,3900,3940,3713.126953,61476300
2023-12-11,3870,3980,3850,3980,3750.823486,99365500
2023-12-12,3940,3950,3890,3910,3684.854248,58707700
2023-12-13,3870,3920,3870,3920,3694.278564,54386800
2023-12-14,3880,3960,3880,3940,3713.126953,70705300
2023-12-15,3940,3980,3900,3980,3750.823486,109064200
2023-12-18,3940,3970,3930,3970,3741.399414,60940400
2023-12-19,3950,3970,3940,3970,3741.399414,32984500
2023-12-20,3960,3990,3960,3960,3731.975098,59574800
2023-12-21,3960,3970,3930,3950,3722.551025,48242100
2023-12-22,3980,3980,3950,3960,3731.975098,28222700
2023-12-27,3990,4000,3920,3940,3713.126953,73157200
2023-12-28,3960,3970,3940,3960,3731.975098,34024400
2023-12-29,3960,3980,3940,3950,3722.551025,27497600
2024-01-02,3950,3990,3940,3990,3760.247803,23774100
2024-01-03,3990,3990,3950,3960,3731.975098,22018500
2024-01-04,3980,3990,3960,3970,3741.399414,33922400
2024-01-05,3950,3970,3880,3890,3666.005859,69268000
2024-01-08,3890,3920,3860,3890,3666.005859,61064100
2024-01-09,3930,3980,3920,3960,3731.975098,64015400
2024-01-10,4000,4030,3980,4000,3769.671875,99083600
2024-01-11,4040,4040,3990,3990,3760.247803,36333300
2024-01-12,3970,4010,3970,4010,3779.096191,53685600
2024-01-15,4040,4040,3980,4000,3769.671875,38339500
2024-01-16,4020,4030,3980,4010,3779.096191,44782300
2024-01-17,4000,4010,3970,3990,3760.247803,62728400
2024-01-18,3990,4010,3930,3950,3722.551025,73029300
2024-01-19,3950,3960,3890,3940,3713.126953,67016100
2024-01-22,3980,4010,3960,3980,3750.823486,50643700
2024-01-23,4000,4010,3910,3950,3722.551025,72595400
2024-01-24,3950,3980,3930,3970,3741.399414,38732000
2024-01-25,3980,4000,3960,3980,3750.823486,58541300
2024-01-26,3940,3990,3930,3980,3750.823486,65272600
2024-01-29,4000,4010,3970,4010,3779.096191,59150000
2024-01-30,4000,4020,3980,4000,3769.671875,66906900
2024-01-31,4000,4020,3960,3960,3731.975098,100403700
2024-02-01,3970,4050,3970,4040,3807.368652,105414400
2024-02-02,4030,4030,3930,3990,3760.247803,96180000
2024-02-05,4010,4010,3970,3980,3750.823486,57789500
2024-02-06,3970,4000,3970,3980,3750.823486,65167500
2024-02-07,4010,4020,3980,3980,3750.823486,53084600
2024-02-12,4000,4020,3970,4000,3769.671875,85763200
2024-02-13,4010,4010,3980,3980,3750.823486,52020300
2024-02-15,4040,4080,3980,4030,3797.944336,129347900
2024-02-16,4050,4160,4050,4160,3920.458740,244064200
2024-02-19,4130,4170,4130,4160,3920.458740,82867500
2024-02-20,4200,4210,4160,4210,3967.579590,267636700
2024-02-21,4190,4240,4070,4180,3939.307129,152787100
2024-02-22,4130,4150,4070,4090,3854.489502,93555100
2024-02-23,4070,4100,4040,4100,3863.913818,87665800
2024-02-26,4060,4100,4050,4090,3854.489502,55761700
2024-02-27,4050,4060,3990,3990,3760.247803,119637000
2024-02-28,3980,4020,3950,3990,3760.247803,77255300
2024-02-29,4020,4040,3950,4000,3769.671875,157431900
2024-03-01,3950,3990,3860,3920,3694.278564,139582000
2024-03-04,3960,3960,3900,3940,3713.126953,81580800
2024-03-05,3880,3900,3860,3870,3647.157471,100671500
2024-03-06,3870,3920,3860,3900,3675.430176,83251500
2024-03-07,3900,3930,3900,3900,3675.430176,86888100
2024-03-08,3900,3910,3840,3860,3637.733398,101556500
2024-03-13,3910,3910,3890,3900,3675.430176,106191400
2024-03-14,3930,3980,3920,3960,3731.975098,122570700
2024-03-15,4000,4000,3900,3970,3741.399414,184885900
2024-03-18,3960,3970,3920,3920,3694.278564,57508300
2024-03-19,3980,3980,3940,3940,3713.126953,51629700
2024-03-20,3910,3940,3910,3930,3703.702637,84777400
2024-03-21,3930,3960,3890,3890,3666.005859,81520900
2024-03-22,3900,3920,3890,3900,3675.430176,44501700
2024-03-25,3890,3890,3700,3730,3515.218994,313394400
2024-03-26,3680,3680,3610,3620,3411.552979,354086400
2024-03-27,3610,3630,3490,3490,3289.038818,496202800
2024-03-28,3470,3520,3430,3470,3270.190430,258985200
2024-04-01,3480,3520,3420,3510,3307.887207,248116300
2024-04-02,3460,3500,3410,3490,3289.038818,233017700
2024-04-03,3450,3490,3420,3420,3223.069580,150265700
2024-04-04,3410,3460,3410,3450,3251.342041,205184000
2024-04-05,3440,3450,3420,3430,3232.493652,116051700
2024-04-16,3260,3280,3150,3220,3034.585938,490658200
2024-04-17,3220,3240,3200,3200,3015.737549,187876400
2024-04-18,3190,3310,3110,3250,3062.858398,337490100
2024-04-19,3230,3230,3130,3150,2968.616699,149997000
2024-04-22,3150,3200,3130,3170,2987.465088,140971800
2024-04-23,3180,3190,3080,3100,2921.495850,312052300
2024-04-24,3100,3110,3040,3040,2864.950684,327330800
2024-04-25,3010,3060,2990,3040,2864.950684,369525200
2024-04-26,2980,3060,2960,3030,2855.526367,442527900
2024-04-29,3030,3090,3010,3080,2902.647461,172773600
2024-04-30,3120,3200,3110,3170,2987.465088,273121800
2024-05-02,3170,3200,3120,3120,2940.343994,157637100
2024-05-03,3180,3180,3120,3160,2978.040771,127945300
2024-05-06,3180,3200,3040,3050,2874.374756,221330900
2024-05-07,3070,3110,3060,3090,2912.071533,124914600
2024-05-08,3130,3150,3050,3080,2902.647461,120622600
2024-05-13,3070,3100,3040,3090,2912.071533,133048300
2024-05-14,3100,3120,3080,3120,2940.343994,104126800
2024-05-15,3120,3130,3070,3100,2921.495850,149143600
2024-05-16,2960,3050,2960,3010,3010,196239200
2024-05-17,3050,3050,2980,2990,2990,120345300
2024-05-20,2950,3000,2950,2990,2990,215877500
2024-05-21,2990,2990,2920,2950,2950,138864400
2024-05-22,2980,2980,2910,2940,2940,145109200
2024-05-27,2900,2920,2780,2810,2810,246979600
2024-05-28,2810,2880,2810,2860,2860,113093300
2024-05-29,2850,2860,2810,2810,2810,148952900
2024-05-30,2810,2870,2720,2810,2810,253471800
2024-05-31,2840,2920,2810,2900,2900,411324600
2024-06-03,2930,2970,2900,2930,2930,124570400
2024-06-04,2980,3060,2940,3000,3000,130203100
2024-06-05,3000,3080,3000,3060,3060,141157300
2024-06-06,3100,3100,3030,3050,3050,107996900
2024-06-07,3050,3090,3050,3050,3050,67191100
2024-06-10,3050,3050,2980,3010,3010,66983900
2024-06-11,2960,2980,2880,2880,2880,172688100
2024-06-12,2890,2970,2890,2920,2920,91584500
2024-06-13,2940,2940,2830,2840,2840,95740000
2024-06-14,2820,2830,2700,2720,2720,202750500
2024-06-19,2780,2850,2760,2830,2830,128843500
2024-06-20,2850,2850,2800,2840,2840,55434800
2024-06-21,2850,2960,2840,2950,2950,184918000
2024-06-24,2930,2980,2910,2950,2950,111618800
2024-06-25,2950,2990,2930,2990,2990,89913400
2024-06-26,2990,3020,2980,3000,3000,73994000
2024-06-27,3030,3030,2990,3030,3030,70154600
2024-06-28,3030,3140,3030,3130,3130,213539300
2024-07-01,3130,3130,3080,3090,3090,134082800
2024-07-02,3070,3090,3030,3040,3040,79024200
2024-07-03,3040,3050,3020,3030,3030,51977100
2024-07-04,3000,3050,2960,2960,2960,93100500
2024-07-05,2970,3020,2960,3020,3020,69339200
2024-07-08,3040,3090,3000,3080,3080,125004600
2024-07-09,3050,3120,3040,3080,3080,118245600
2024-07-10,3090,3180,3090,3160,3160,120007400
2024-07-11,3200,3200,3160,3180,3180,126490000
2024-07-12,3230,3270,3210,3220,3220,135830300